Inputs,,,,Outputs,,,,
Date,G,T_a_rad,v,P_PV_TE,N_PV_TE,,,
dd/mm/yy,W/m2,K,m/s,W,%,,,
1/1/2019,296.8309,265.84,3.69,7.027326989,12.14739791,,,
1/2/2019,277.2014,267.79,0.82,6.98883421,12.20258988,,,
1/3/2019,159.5892,268.64,1.57,3.38358537,11.40986656,,,
1/4/2019,325.2408,266.95,4.13,7.791143062,12.2623372,,,
1/5/2019,334.7802,268.65,0.54,8.904182852,12.49634347,,,
1/6/2019,224.1638,268.08,0.64,5.376982311,11.91002264,,,
1/7/2019,282.4435,268.01,3.78,6.598299378,12.07251893,,,
1/8/2019,377.3279,267.64,2.79,9.674280171,12.55282099,,,
1/9/2019,268.7689,268.2,1.58,6.57795721,12.11614405,,,
1/10/2019,295.6087,272.15,2.48,7.241323566,12.21091638,,,
1/11/2019,254.1677,272.26,0.53,6.332094189,12.09627072,,,
1/12/2019,245.865,272.07,2.6,5.731089766,11.93887032,,,
1/13/2019,356.9348,272.13,0.85,9.544370296,12.57328418,,,
1/14/2019,256.9757,270.6,5.98,5.572237169,11.83187867,,,
1/15/2019,412.4786,265.05,4.31,10.35408622,12.60661862,,,
1/16/2019,378.8843,268.28,4.04,9.426689346,12.49854887,,,
1/17/2019,381,271.68,1.69,10.08604257,12.62362439,,,
1/18/2019,313.2812,272.47,3.08,7.662309976,12.26597744,,,
1/19/2019,350.6321,271.75,3.19,8.780521756,12.43002051,,,
1/20/2019,401.7877,271.02,5.31,9.833374292,12.52795539,,,
1/21/2019,410.6137,272.51,5.16,10.13507724,12.56829701,,,
1/22/2019,398.0952,273.92,4.9,9.832144959,12.53642891,,,
1/23/2019,393.2252,273.47,1.1,10.6424438,12.6979192,,,
1/24/2019,309.5001,272.44,2.62,7.63881658,12.27152041,,,
1/25/2019,441.3362,270.37,4.2,11.27626,12.71395948,,,
1/26/2019,366.9031,271.13,1.74,9.626848923,12.56708171,,,
1/27/2019,332.5711,271.9,4.29,7.999921171,12.29333654,,,
1/28/2019,440.7088,272.54,1.54,12.04005484,12.83820146,,,
1/29/2019,328.2247,274.48,0.63,8.685171941,12.46633069,,,
1/30/2019,391.9929,270.06,4.95,9.620191473,12.50724507,,,
1/31/2019,439.4384,267.54,3.86,11.29589721,12.72094421,,,
2/1/2019,446.0063,271.31,2.22,11.99364791,12.82227707,,,
2/2/2019,297.086,272.57,1.81,7.421336107,12.25376905,,,
2/3/2019,366.7369,272.04,3.4,9.223605915,12.48546654,,,
2/4/2019,318.6024,271.28,1.16,8.244509496,12.39400287,,,
2/5/2019,296.0618,269.68,2.83,7.178855065,12.1924455,,,
2/6/2019,287.4447,267.3,2.32,7.006144997,12.17348538,,,
2/7/2019,514.9401,265.81,1.95,14.23297196,13.02401129,,,
2/8/2019,384.3312,265.67,0.88,10.39815206,12.67294993,,,
2/9/2019,496.3294,266.65,1.28,13.88271787,13.00562504,,,
2/10/2019,393.0082,266.09,1.7,10.44395138,12.66373781,,,
2/11/2019,393.0112,268.94,2.99,10.11195204,12.60285446,,,
2/12/2019,307.0228,265.91,1.98,7.671749327,12.28729471,,,
2/13/2019,360.3966,267.77,1.2,9.550657236,12.56679766,,,
2/14/2019,388.7013,265.96,0.85,10.54817185,12.69046189,,,
2/15/2019,521.4847,267.46,6.15,13.1255059,12.86836981,,,
2/16/2019,567.5471,268.61,5.11,14.7980058,13.02526806,,,
2/17/2019,536.5131,271.95,1.85,14.96888062,13.08241106,,,
2/18/2019,420.2016,272.12,1.02,11.53636133,12.79541885,,,
2/19/2019,360.1028,271.66,3.32,9.038735898,12.46241063,,,
2/20/2019,503.3498,273.55,1.44,14.07122801,13.01932096,,,
2/21/2019,462.6125,275.68,0.54,13.08369324,12.95073436,,,
2/22/2019,427.3015,277.45,1.32,11.69080921,12.80731481,,,
2/23/2019,437.2788,276.83,0.66,12.22374182,12.87080131,,,
2/24/2019,463.4314,278.22,2.34,12.53740476,12.87494235,,,
2/25/2019,370.6996,276.37,1.12,9.92520581,12.61557296,,,
2/26/2019,307.0702,275.9,1.48,7.821228704,12.32608971,,,
2/27/2019,434.5624,277.56,1.59,11.8431209,12.81849956,,,
2/28/2019,398.7405,278.54,0.8,10.92142215,12.73451395,,,
3/1/2019,382.1625,279.07,1.16,10.28841286,12.65790493,,,
3/2/2019,422.7286,280.12,2.42,11.23046229,12.74134512,,,
3/3/2019,382.1935,279.34,0.93,10.35292792,12.66925055,,,
3/4/2019,493.489,281.8,0.14,14.23655547,13.05056708,,,
3/5/2019,620.3123,281.21,6.32,16.04163654,13.10486906,,,
3/6/2019,674.9097,276.34,4.61,18.19463346,13.25793842,,,
3/7/2019,676.154,277.72,2.06,19.22145509,13.33383502,,,
3/8/2019,550.5998,279.88,2.97,15.0471137,13.0747916,,,
3/9/2019,402.8732,277.7,1.59,10.82544549,12.71065281,,,
3/10/2019,408.9904,277.84,0.43,11.36810794,12.78844593,,,
3/11/2019,696.1968,279.63,6.09,18.30207919,13.24930359,,,
3/12/2019,717.6846,276.61,5.04,19.27843211,13.30974068,,,
3/13/2019,712.5425,280.1,3.87,19.59149307,13.33531167,,,
3/14/2019,729.898,280.03,4.48,19.8593757,13.34218767,,,
3/15/2019,707.8766,279.53,0.96,20.65822111,13.40395308,,,
3/16/2019,707.3409,282.63,3.5,19.59526757,13.3389344,,,
3/17/2019,664.8088,285.12,3.46,18.36766632,13.27981613,,,
3/18/2019,552.8795,285.7,1.16,15.7881134,13.15070185,,,
3/19/2019,609.249,289.29,3.59,16.67340077,13.18110587,,,
3/20/2019,513.9643,284.3,4.42,13.49993392,12.93293401,,,
3/21/2019,797.7919,277.57,4.63,21.73369318,13.41712695,,,
3/22/2019,794.7111,279.32,5.71,21.22491629,13.38968805,,,
3/23/2019,800.8422,277.81,2.41,22.76949712,13.46558286,,,
3/24/2019,751.2747,283.42,3.68,20.81022297,13.3892937,,,
3/25/2019,790.9457,284.86,3.02,22.2465938,13.44628231,,,
3/26/2019,659.1979,282.92,1.01,19.15600263,13.34028645,,,
3/27/2019,697.6874,284.69,0.66,20.49393706,13.40006292,,,
3/28/2019,619.2538,277.02,2.75,17.22603659,13.22249719,,,
3/29/2019,727.8844,280.02,5.81,19.30797763,13.30461769,,,
3/30/2019,828.5578,277.06,5.84,22.10904647,13.42198637,,,
3/31/2019,848.2875,281.28,3.49,23.66157069,13.48412708,,,
4/1/2019,822.5409,282.19,1.47,23.83257931,13.49761296,,,
4/2/2019,825.0878,282.41,1.33,23.96951647,13.50110045,,,
4/3/2019,746.8356,285.41,2.36,21.23956666,13.41596995,,,
4/4/2019,775.64,290.94,3.65,21.56841515,13.41929211,,,
4/5/2019,700.9135,285.9,2.71,19.7316588,13.35197198,,,
4/6/2019,764.413,284.89,2.05,21.89123467,13.44089668,,,
4/7/2019,751.1351,284.31,2.15,21.45301606,13.42512469,,,
4/8/2019,723.1291,283.58,2.45,20.48845395,13.38588616,,,
4/9/2019,771.3173,279.72,2.51,21.87355747,13.43696596,,,
4/10/2019,840.8285,285.33,0.57,24.76954752,13.51783471,,,
4/11/2019,772.0019,284.6,1.85,22.20168357,13.45216048,,,
4/12/2019,816.2411,287,3.37,22.83325715,13.46239956,,,
4/13/2019,780.7003,286.05,4.65,21.28404062,13.40087892,,,
4/14/2019,901.3345,288.58,3.6,25.10430408,13.51434434,,,
4/15/2019,865.8944,291.43,3.09,24.36913144,13.50263734,,,
4/16/2019,755.3963,291.13,2.93,21.27606758,13.41365189,,,
4/17/2019,713.2917,295.34,0.49,21.07645596,13.42370212,,,
4/18/2019,849.0215,289.12,2.14,24.30399794,13.50490167,,,
4/19/2019,741.1023,285.34,2.66,20.94209755,13.40248846,,,
4/20/2019,681.9579,285.85,0.48,20.09106792,13.38525469,,,
4/21/2019,735.4234,287.99,2.64,20.79319159,13.39700325,,,
4/22/2019,778.0389,292.18,4.26,21.39707403,13.40871206,,,
4/23/2019,747.6813,294.01,2.35,21.30349164,13.41897031,,,
4/24/2019,760.6284,282.19,5.09,20.51726075,13.36597298,,,
4/25/2019,923.1885,284.37,0.52,27.0262922,13.5455966,,,
4/26/2019,894.8267,286.21,1.64,25.77527175,13.52858828,,,
4/27/2019,814.3871,281.98,3.49,22.70589408,13.45755262,,,
4/28/2019,720.0522,285.97,3.29,20.06599451,13.36174909,,,
4/29/2019,631.4352,289.88,1.98,17.9428786,13.27215455,,,
4/30/2019,996.1602,289.66,7.03,26.18755778,13.52120989,,,
5/1/2019,1000.4342,292.72,2.57,28.14102744,13.54795636,,,
5/2/2019,968.3026,294.82,3.01,27.14921211,13.53855652,,,
5/3/2019,867.4764,295.26,3.39,24.30195418,13.50019449,,,
5/4/2019,820.7017,293.11,2.21,23.48767425,13.48664923,,,
5/5/2019,1018.5988,288.06,5.18,27.48288776,13.53850354,,,
5/6/2019,1048.6608,289.99,3.21,29.05524483,13.54780165,,,
5/7/2019,984.9975,293.75,2.31,27.86539755,13.54747845,,,
5/8/2019,883.9034,291.74,2.07,25.30458678,13.52179646,,,
5/9/2019,929.8851,295.48,1.48,26.80443141,13.54322359,,,
5/10/2019,856.223,294.88,3.18,24.0775691,13.49616662,,,
5/11/2019,790.8981,294,2.55,22.48526562,13.45720026,,,
5/12/2019,813.6434,286.9,4.01,22.48969886,13.4479882,,,
5/13/2019,1047.1503,290.08,3.07,29.07763787,13.54768338,,,
5/14/2019,924.2389,292.63,1.67,26.57414288,13.53602931,,,
5/15/2019,718.4141,295.15,1.8,20.66519239,13.39879602,,,
5/16/2019,790.99,298.37,2.15,22.67727741,13.46544166,,,
5/17/2019,734.0383,297.45,3.39,20.49090777,13.37988698,,,
5/18/2019,782.91,294.38,3.68,21.78333708,13.42705735,,,
5/19/2019,991.9922,289.75,8.8,25.4045656,13.50080515,,,
5/20/2019,1083.416,291.78,5.78,28.85139153,13.54318981,,,
5/21/2019,1080.1633,296.35,4.1,29.47410882,13.54717645,,,
5/22/2019,1057.9924,299.96,1.31,30.11704259,13.53941577,,,
5/23/2019,1011.881,302.48,2.55,28.47089994,13.54823012,,,
5/24/2019,980.5502,298.37,3.11,27.43655687,13.54001962,,,
5/25/2019,859.8846,301.27,2.42,24.52998163,13.5085947,,,
5/26/2019,788.8261,293.72,3.98,21.8281313,13.42655049,,,
5/27/2019,1100.2682,294.45,4.59,29.7452478,13.54659318,,,
5/28/2019,1064.5751,298.5,2.38,29.81938717,13.54362542,,,
5/29/2019,1000.2089,299.05,1.26,28.71754383,13.54753147,,,
5/30/2019,979.4056,294.75,4.92,26.63184079,13.53182107,,,
5/31/2019,1084.6978,297.07,2.69,30.16592362,13.54159637,,,
6/1/2019,853.2266,295.61,0.89,24.99681058,13.52050371,,,
6/2/2019,797.1341,298.93,1.03,23.3501352,13.48905011,,,
6/3/2019,940.1647,298.07,1.01,27.28695076,13.54640439,,,
6/4/2019,813.8152,296.18,2.11,23.34584971,13.48372564,,,
6/5/2019,860.1777,295.95,0.85,25.20929739,13.52351917,,,
6/6/2019,891.1295,294.19,1.13,25.92946165,13.53124324,,,
6/7/2019,874.7653,299.24,1.1,25.50903458,13.52678761,,,
6/8/2019,1050.5746,300.61,3.83,28.88777958,13.54820659,,,
6/9/2019,1069.8265,298.81,2.82,29.76300632,13.54457315,,,
6/10/2019,1002.8707,299.37,2.19,28.3867566,13.5482177,,,
6/11/2019,914.1104,299.77,2.37,26.01837638,13.53011607,,,
6/12/2019,853.3171,299.38,1.54,24.72136526,13.51460074,,,
6/13/2019,934.3672,299.17,0.47,27.37589773,13.54710856,,,
6/14/2019,1042.8457,300.68,2.65,29.18712903,13.5470569,,,
6/15/2019,885.3849,298.3,2.84,25.03725322,13.51586619,,,
6/16/2019,830.0158,292.51,2.14,23.78127323,13.4939155,,,
6/17/2019,851.6961,297.17,1.49,24.69119927,13.51420255,,,
6/18/2019,887.3138,300.85,2.01,25.45560028,13.52418481,,,
6/19/2019,766.5547,299.04,1.51,22.24078209,13.45612362,,,
6/20/2019,868.5928,301.7,1.5,25.16891675,13.52153173,,,
6/21/2019,769.5969,299.86,1.91,22.16046962,13.45128964,,,
6/22/2019,956.8417,302.09,1.63,27.46263759,13.54664296,,,
6/23/2019,885.7737,302.47,1.48,25.65126639,13.5277532,,,
6/24/2019,900.9744,304.19,2.84,25.48235091,13.52266382,,,
6/25/2019,828.603,302.71,3.11,23.3667526,13.47962912,,,
6/26/2019,843.4565,301.73,2.75,23.9334881,13.49509399,,,
6/27/2019,820.495,301.67,0.48,24.2754274,13.51034644,,,
6/28/2019,892.6914,301.04,1.39,25.87522547,13.5303536,,,
6/29/2019,977.205,301.07,5.54,26.36028232,13.52771,,,
6/30/2019,1071.7317,300.32,3.73,29.4396654,13.54699624,,,
7/1/2019,1026.3448,302.23,0.45,29.7232469,13.54118923,,,
7/2/2019,943.3524,302.25,0.3,27.69250892,13.54791204,,,
7/3/2019,1011.657,304.32,1.37,28.9704624,13.54681263,,,
7/4/2019,961.2044,306.12,2.42,27.26390446,13.53965695,,,
7/5/2019,874.6092,298.95,2.78,24.77211842,13.51165364,,,
7/6/2019,909.3323,295.94,4.65,24.9183747,13.5077915,,,
7/7/2019,933.9192,296.92,2.08,26.6627953,13.53627606,,,
7/8/2019,964.1804,299.97,1.16,27.84885628,13.54792031,,,
7/9/2019,916.3885,298.01,0.99,26.66930707,13.54298804,,,
7/10/2019,912.8104,296.98,2.01,26.13090918,13.53183843,,,
7/11/2019,917.4747,298.96,1.17,26.62183689,13.54239407,,,
7/12/2019,941.8339,301.9,1.61,27.08078093,13.54484895,,,
7/13/2019,857.4719,301.57,1.43,24.89190871,13.5176545,,,
7/14/2019,887.5942,301.25,1.51,25.68380879,13.52804893,,,
7/15/2019,804.1211,302.26,2.28,23.01703904,13.47450337,,,
7/16/2019,793.6752,300.59,2.24,22.72528409,13.46644343,,,
7/17/2019,719.2673,299.76,1.15,20.98353057,13.41594473,,,
7/18/2019,706.5676,301.96,1.97,20.26356828,13.38176748,,,
7/19/2019,636.6249,300.69,2.6,17.91195718,13.26566346,,,
7/20/2019,726.5034,299.17,1.47,21.06326622,13.41662333,,,
7/21/2019,908.3074,305.43,1.4,26.30722686,13.53441633,,,
7/22/2019,865.5817,302.09,2.01,24.865446,13.51562995,,,
7/23/2019,963.9292,302.95,0.58,28.10281377,13.54813809,,,
7/24/2019,856.6768,304.56,2.19,24.55189495,13.50985873,,,
7/25/2019,842.5499,303.91,2.43,24.05337283,13.49916042,,,
7/26/2019,837.468,304.06,2.07,24.06539286,13.50085137,,,
7/27/2019,793.7832,304.7,2.93,22.45486477,13.45468952,,,
7/28/2019,743.7197,303.38,2.11,21.32418494,13.42199583,,,
7/29/2019,804.1148,296.92,2.94,22.7134423,13.46195507,,,
7/30/2019,851.8323,301.2,1.41,24.74290767,13.51536877,,,
7/31/2019,808.9971,302.54,0.87,23.77524927,13.49942315,,,
8/1/2019,793.3434,301.62,1.81,22.90513766,13.47387659,,,
8/2/2019,740.2198,298.09,0.88,21.72855223,13.4436611,,,
8/3/2019,843.7201,300.09,1.65,24.40848224,13.5089198,,,
8/4/2019,804.491,298.51,2.33,22.99126596,13.47334561,,,
8/5/2019,821.606,298.97,2.82,23.27399472,13.47845237,,,
8/6/2019,794.5729,298.95,2.1,22.80520217,13.46941131,,,
8/7/2019,789.3422,299.31,1.29,23.00853566,13.47923296,,,
8/8/2019,762.5028,300.59,2.19,21.83521902,13.43904537,,,
8/9/2019,676.9648,298.82,1.29,19.63329185,13.36021,,,
8/10/2019,805.6591,297.84,0.21,23.96390223,13.50551434,,,
8/11/2019,860.5238,297.26,3.79,23.95083229,13.49064795,,,
8/12/2019,905.8923,297.07,6.09,24.25290523,13.48714384,,,
8/13/2019,903.4952,299.68,2.44,25.70294038,13.52634701,,,
8/14/2019,897.3901,299.76,0.97,26.18817617,13.53390674,,,
8/15/2019,861.0012,298.96,0.49,25.4038226,13.52676009,,,
8/16/2019,905.3779,296.42,4.97,24.68440532,13.50189826,,,
8/17/2019,917.77,297.93,3.7,25.5436123,13.52117252,,,
8/18/2019,815.4321,298.6,1.44,23.69509457,13.49522514,,,
8/19/2019,768.4205,298.85,2.88,21.71284116,13.43028365,,,
8/20/2019,719.2312,294.2,1.33,20.88684188,13.41074625,,,
8/21/2019,891.2345,297.67,2.86,25.18460795,13.5180988,,,
8/22/2019,851.9837,297.41,3.33,23.90723433,13.49172443,,,
8/23/2019,885.7263,298.45,0.92,25.8889862,13.53123399,,,
8/24/2019,814.8709,298.41,1.85,23.49793825,13.48880918,,,
8/25/2019,809.0666,298.46,2.83,22.90893911,13.46833497,,,
8/26/2019,714.5711,296.03,0.63,21.05559015,13.42201542,,,
8/27/2019,868.4782,298.31,3.7,24.21345409,13.49712635,,,
8/28/2019,866.1194,296.84,5.48,23.41326093,13.46798567,,,
8/29/2019,857.8831,296.71,4.51,23.57685069,13.47766268,,,
8/30/2019,856.9792,296.81,0.94,25.0820483,13.52159989,,,
8/31/2019,813.6705,297.75,0.94,23.86448495,13.50088345,,,
9/1/2019,787.082,298.3,1.83,22.70181039,13.46792027,,,
9/2/2019,779.2913,299.04,1.33,22.69531312,13.47049946,,,
9/3/2019,737.7022,298.9,1.13,21.54581096,13.43600209,,,
9/4/2019,692.5685,298.17,0.88,20.27932789,13.39047742,,,
9/5/2019,722.3048,298.23,0.82,21.21391149,13.42649131,,,
9/6/2019,721.8424,299.33,0.92,21.15959115,13.42392746,,,
9/7/2019,745.1815,300.58,0.85,21.89826724,13.44943445,,,
9/8/2019,693.6552,302.14,1.14,20.21515386,13.38610621,,,
9/9/2019,564.1408,298.46,2.45,15.72827902,13.13303721,,,
9/10/2019,617.228,292.79,1.89,17.55217836,13.25196452,,,
9/11/2019,695.5079,293.86,1.1,20.26216229,13.38784987,,,
9/12/2019,686.1959,293.74,1.9,19.6477513,13.35557155,,,
9/13/2019,731.2563,294.01,3.2,20.46821867,13.3800962,,,
9/14/2019,743.0516,295.16,0.71,21.88077254,13.44951437,,,
9/15/2019,681.558,294.13,1.63,19.6183676,13.35650405,,,
9/16/2019,728.9784,292.84,1.87,20.94463756,13.40894863,,,
9/17/2019,672.4367,292.82,1.62,19.34163589,13.34421623,,,
9/18/2019,771.7787,291.35,1.33,22.44891694,13.4630862,,,
9/19/2019,676.817,291.48,1.27,19.61292172,13.35900654,,,
9/20/2019,628.0486,294.03,0.72,18.34643833,13.30506118,,,
9/21/2019,613.5765,294.1,1.19,17.71200884,13.26776249,,,
9/22/2019,605.35,294.22,0.18,17.85370577,13.2849363,,,
9/23/2019,681.9261,296.23,2.11,19.44514284,13.34508298,,,
9/24/2019,703.0108,295.9,0.66,20.68840271,13.40813697,,,
9/25/2019,672.3837,295.32,1.78,19.28497412,13.34051438,,,
9/26/2019,639.4914,295.1,1.4,18.43338985,13.30334894,,,
9/27/2019,592.4297,294.06,1.79,16.82694423,13.21091643,,,
9/28/2019,574.2298,295.22,0.98,16.56236306,13.20354464,,,
9/29/2019,572.1004,296.25,1.49,16.30954809,13.18223371,,,
9/30/2019,545.4472,296.21,2.82,15.01156763,13.07682839,,,
10/1/2019,518.7868,295.77,2.36,14.33123525,13.03084028,,,
10/2/2019,534.5785,295.81,1,15.29459931,13.11958383,,,
10/3/2019,531.7892,294.97,2.77,14.5992238,13.04616198,,,
10/4/2019,586.9027,283.14,2.69,16.28268904,13.16527631,,,
10/5/2019,653.885,286.54,0.3,19.30112302,13.35300232,,,
10/6/2019,559.9221,285.3,1.43,15.90983943,13.15563901,,,
10/7/2019,619.6226,288.63,2.99,17.19943909,13.21983645,,,
10/8/2019,642.5927,286.65,1.39,18.50423579,13.30630031,,,
10/9/2019,547.8587,288.75,2.44,15.18256776,13.09297607,,,
10/10/2019,497.8628,289.39,1.7,13.8649712,13.00151877,,,
10/11/2019,462.3254,288.17,2.21,12.58185794,12.88306329,,,
10/12/2019,468.6642,286.47,1.96,12.85274884,12.91138727,,,
10/13/2019,399.1222,280.26,1.82,10.6519981,12.68812857,,,
10/14/2019,616.1169,281.31,0.97,17.8384929,13.27571461,,,
10/15/2019,553.3712,284.16,0.38,16.09541646,13.17988976,,,
10/16/2019,452.0023,283.82,0.85,12.66122813,12.90982481,,,
10/17/2019,434.7172,283.94,1,12.05188115,12.84977539,,,
10/18/2019,412.701,285.21,1.11,11.30399546,12.77164305,,,
10/19/2019,384.7316,286.31,0.96,10.4461991,12.6805507,,,
10/20/2019,419.505,285.72,3.93,10.76145057,12.66693018,,,
10/21/2019,467.0021,285.72,0.59,13.23477153,12.96405391,,,
10/22/2019,408.4419,287.4,0.54,11.34115097,12.78513982,,,
10/23/2019,391.7718,288.25,1.5,10.532249,12.6817129,,,
10/24/2019,334.1263,281.58,4.82,7.993770441,12.28712022,,,
10/25/2019,539.1545,280.8,2.46,14.87056166,13.0683471,,,
10/26/2019,482.5902,281.36,2.17,13.20598732,12.93872535,,,
10/27/2019,465.5836,283.38,1.79,12.79661442,12.90824749,,,
10/28/2019,484.3902,279.6,5.15,12.3726408,12.81549165,,,
10/29/2019,468.4429,282.72,1.99,12.82231991,12.90752621,,,
10/30/2019,448.8667,285.91,3.48,11.77946436,12.78361072,,,
10/31/2019,475.2154,287.91,1.99,13.0556627,12.92929863,,,
11/1/2019,402.4137,285.74,1.5,10.86266348,12.71782237,,,
11/2/2019,344.2431,283.81,2.73,8.735356046,12.43660576,,,
11/3/2019,359.3278,281.36,0.67,9.692970409,12.59641339,,,
11/4/2019,373.9856,282.63,1.61,9.9215921,12.60791476,,,
11/5/2019,392.4964,281.91,1.52,10.52891526,12.67970652,,,
11/6/2019,333.7285,281.14,1.03,8.782450314,12.4733778,,,
11/7/2019,422.6704,278.34,1.08,11.61689802,12.80376348,,,
11/8/2019,406.7425,281.52,0.77,11.19969081,12.76548737,,,
11/9/2019,282.144,282.2,1.75,7.001014132,12.189725,,,
11/10/2019,371.4792,281.66,5.77,8.897771695,12.39824753,,,
11/11/2019,366.9573,283.06,1.32,9.774120052,12.59526404,,,
11/12/2019,320.307,283.25,2.68,7.99593329,12.32808948,,,
11/13/2019,402.5548,273.24,3.53,10.28681922,12.61529423,,,
11/14/2019,290.3783,275.89,0.74,7.450471258,12.28330286,,,
11/15/2019,250.9737,276.43,1.94,5.999965996,12.00651582,,,
11/16/2019,248.9044,278.91,2.04,5.929865241,11.9922094,,,
11/17/2019,285.1736,274.75,6.81,6.25852117,11.95225556,,,
11/18/2019,417.5897,271.04,4.04,10.60441627,12.64246556,,,
11/19/2019,383.631,272.63,0.85,10.40287956,12.67516097,,,
11/20/2019,317.9013,275.44,0.48,8.392313632,12.4290106,,,
11/21/2019,238.2812,274.52,0.96,5.77055524,11.98313297,,,
11/22/2019,229.3183,278.04,0.4,5.595505529,11.96219124,,,
11/23/2019,206.2225,278.94,3.98,4.451175347,11.63675419,,,
11/24/2019,408.3841,270.76,5.64,9.951461513,12.53654563,,,
11/25/2019,394.6484,270.44,1.79,10.48529653,12.6677768,,,
11/26/2019,331.6988,273.13,1.84,8.50569019,12.41824189,,,
11/27/2019,354.2514,271,1.69,9.240894588,12.51918506,,,
11/28/2019,309.1449,270.52,0.85,8.013087157,12.36621747,,,
11/29/2019,242.9995,271.43,1.45,5.825171687,11.98192757,,,
11/30/2019,272.6194,270.9,3.92,6.302508401,12.01793308,,,
12/1/2019,331.2984,270.23,4.23,7.966120695,12.28863492,,,
12/2/2019,353.5329,270.68,3.86,8.717834879,12.4082195,,,
12/3/2019,345.2052,273.01,3.83,8.469156771,12.37051789,,,
12/4/2019,335.4752,272.55,2.88,8.389643755,12.3815743,,,
12/5/2019,323.6944,268.01,0.66,8.516752106,12.44141998,,,
12/6/2019,259.5676,269.93,1.29,6.353571705,12.08309013,,,
12/7/2019,292.6181,271.51,0.41,7.584783217,12.31022663,,,
12/8/2019,195.0137,270.73,0.62,4.505472109,11.72060663,,,
12/9/2019,259.1007,273.67,0.87,6.426018447,12.106177,,,
12/10/2019,259.591,273.16,4.17,5.901010489,11.93864217,,,
12/11/2019,361.7544,269.96,3.87,8.958762466,12.44067625,,,
12/12/2019,319.6046,270.65,1.41,8.21683674,12.384923,,,
12/13/2019,328.0225,272.42,4.35,7.856768491,12.27070953,,,
12/14/2019,325.3972,271.83,1.33,8.421307796,12.41591588,,,
12/15/2019,237.5574,273.33,0.81,5.770481047,11.98600431,,,
12/16/2019,249.4748,272.23,2.42,5.865739257,11.96897009,,,
12/17/2019,334.4164,269.06,3.78,8.141535844,12.32290613,,,
12/18/2019,276.6633,268.77,1.18,6.901297918,12.18052033,,,
12/19/2019,331.8533,266.52,3.8,8.050448081,12.30804677,,,
12/20/2019,266.2134,267.6,1.26,6.557780152,12.11931598,,,
12/21/2019,267.0686,270.47,0.18,6.805361576,12.1859677,,,
12/22/2019,207.5613,270.17,2.89,4.579582608,11.68509373,,,
12/23/2019,278.9811,269.45,1.99,6.817752993,12.14936618,,,
12/24/2019,183.0521,269.39,1.39,4.058094178,11.59356982,,,
12/25/2019,218.7731,271.05,2.6,4.936954658,11.77265081,,,
12/26/2019,301.833,268.82,2.97,7.323163488,12.2127883,,,
12/27/2019,264.9412,270.52,0.46,6.680946473,12.15873771,,,
12/28/2019,242.4234,270.52,1.46,5.803672648,11.97724431,,,
12/29/2019,195.7553,269.94,6.11,3.939237899,11.45455453,,,
12/30/2019,363.2337,261.2,6.11,8.482200405,12.32271201,,,
12/31/2019,339.3682,263.57,1.28,8.850560134,12.47389127,,,
1/1/2020,284.1445,266.69,0.78,7.214174223,12.24022014,,,
1/2/2020,279.0981,270.29,2.25,6.775627055,12.13695608,,,
1/3/2020,281.222,272.08,2.75,6.755562084,12.12371957,,,
1/4/2020,303.5114,272.34,0.92,7.821718587,12.33649438,,,
1/5/2020,268.3951,271.81,0.75,6.735302585,12.16223669,,,
1/6/2020,268.6505,272.31,3.27,6.295615303,12.03121675,,,
1/7/2020,338.1122,269.61,4.33,8.144382817,12.31289413,,,
1/8/2020,334.3,269.42,2.38,8.451641898,12.39910043,,,
1/9/2020,283.3485,270.47,0.92,7.168917962,12.23087033,,,
1/10/2020,333.7463,269.78,4.74,7.938184982,12.27407306,,,
1/11/2020,340.5735,268.84,0.62,9.070494804,12.51671538,,,
1/12/2020,290.0904,267.56,2.05,7.140643948,12.20165796,,,
1/13/2020,355.4386,266.35,4.55,8.59278344,12.37126915,,,
1/14/2020,352.2783,266.77,1.1,9.315431767,12.53883678,,,
1/15/2020,302.8669,268.23,2.07,7.532506474,12.2645912,,,
1/16/2020,315.5751,269.3,1.3,8.110699285,12.37129004,,,
1/17/2020,281.6711,269.78,1.64,6.968822622,12.18245911,,,
1/18/2020,245.8868,269.54,2.99,5.663910292,11.91564416,,,
1/19/2020,329.5752,270.32,4.13,7.934993167,12.28595299,,,
1/20/2020,398.5427,270.29,1.68,10.63827194,12.68687858,,,
1/21/2020,292.8021,271.26,0.65,7.536309582,12.29762432,,,
1/22/2020,278.9276,272.49,0.87,7.044805208,12.21203836,,,
1/23/2020,358.2397,272.74,1.65,9.382055343,12.53840722,,,
1/24/2020,298.8739,270.49,1.86,7.459820924,12.25818029,,,
1/25/2020,293.5026,272.01,0.7,7.549532818,12.29884157,,,
1/26/2020,289.9069,272.32,0.36,7.510267752,12.29974565,,,
1/27/2020,260.3844,273.19,0.31,6.572120651,12.14368045,,,
1/28/2020,232.0963,273.66,0.77,5.610957668,11.9559245,,,
1/29/2020,341.7818,273.42,0.88,9.054747277,12.51064226,,,
1/30/2020,325.7148,271.97,2,8.279303527,12.38269646,,,
1/31/2020,336.651,273.08,3.43,8.296166074,12.35359487,,,
2/1/2020,399.7763,272.69,0.76,10.95097499,12.73749186,,,
2/2/2020,335.6482,269.99,2.49,8.470727636,12.39983592,,,
2/3/2020,419.9097,269.49,1.19,11.4659151,12.78477773,,,
2/4/2020,436.9188,267.85,1.89,11.79224295,12.80658331,,,
2/5/2020,363.8887,266.02,3,9.20438801,12.48840706,,,
2/6/2020,389.1504,266.35,0.65,10.62244951,12.70232737,,,
2/7/2020,366.8793,270.84,2.4,9.459754729,12.53398194,,,
2/8/2020,460.0564,272.88,1.4,12.70896968,12.90440221,,,
2/9/2020,391.4348,275.72,2.84,10.12932456,12.60953226,,,
2/10/2020,395.1904,275.98,0.78,10.80509199,12.72174382,,,
2/11/2020,323.3048,275.93,0.63,8.531016381,12.44551792,,,
2/12/2020,303.4288,276.57,0.83,7.850467072,12.34365975,,,
2/13/2020,265.7636,277.22,3.15,6.248903674,12.0276913,,,
2/14/2020,445.6356,267.87,4.36,11.35087975,12.71848101,,,
2/15/2020,489.9687,267.14,7.26,11.90475331,12.72832595,,,
2/16/2020,537.2153,267.78,5.66,13.73319834,12.9306155,,,
2/17/2020,542.8168,272.18,4.05,14.4165925,13.01072968,,,
2/18/2020,495.0888,274.64,0.41,14.17392531,13.04148327,,,
2/19/2020,372.6011,273.91,2.26,9.683639796,12.56538851,,,
2/20/2020,356.4881,274.63,0.57,9.610680547,12.5869778,,,
2/21/2020,414.1436,274.12,4.62,10.37468048,12.60692085,,,
2/22/2020,588.9527,274.64,2.08,16.53748693,13.18763568,,,
2/23/2020,473.9217,276.3,0.98,13.30082194,12.96305327,,,
2/24/2020,365.3287,277.03,2.88,9.32154348,12.50940378,,,
2/25/2020,390.999,276.15,2.25,10.26825507,12.63620553,,,
2/26/2020,418.2989,274.88,2.34,11.09294997,12.72664429,,,
2/27/2020,415.4241,273.9,3.56,10.67393311,12.6595247,,,
2/28/2020,387.3417,275.78,1.92,10.2387662,12.63840334,,,
2/29/2020,371.0896,274.16,1.36,9.867541955,12.60397714,,,
3/1/2020,617.1772,274.88,4.21,16.6196567,13.16812978,,,
3/2/2020,550.9002,275.49,1.68,15.49849594,13.12332605,,,
3/3/2020,653.2562,272.78,5.92,17.07776911,13.17709143,,,
3/4/2020,674.1672,272.35,0.52,19.79836607,13.37206295,,,
3/5/2020,561.5046,275,3.11,15.31368763,13.09183063,,,
3/6/2020,435.362,276.47,1.48,11.89924368,12.82575358,,,
3/7/2020,608.4966,278.53,0.78,17.66954121,13.26833238,,,
3/8/2020,354.2307,277.47,1.46,9.31787149,12.53481326,,,
3/9/2020,578.1829,276.8,1.02,16.61590411,13.20478453,,,
3/10/2020,705.7519,276.83,2.46,19.93968529,13.36232009,,,
3/11/2020,574.7565,279.55,1.13,16.47327105,13.19494688,,,
3/12/2020,607.1061,277.56,3.78,16.48278911,13.16474949,,,
3/13/2020,742.3814,276.76,4.34,20.25556398,13.360329,,,
3/14/2020,736.0432,279.93,5.81,19.53886588,13.31576952,,,
3/15/2020,725.8679,279.66,1.65,20.89912898,13.40802841,,,
3/16/2020,690.2067,281.05,2.24,19.58238645,13.348886,,,
3/17/2020,699.4512,284.92,2.34,19.83314769,13.35936477,,,
3/18/2020,618.7352,284.08,7.18,15.74883829,13.07384767,,,
3/19/2020,761.3961,281.1,1.77,21.91181477,13.44319204,,,
3/20/2020,569.9088,284.39,3.43,15.50597536,13.10331805,,,
3/21/2020,656.0058,282.56,1.74,18.759324,13.31527434,,,
3/22/2020,762.7968,285.12,3.22,21.344865,13.41365264,,,
3/23/2020,734.4932,284.75,1.89,21.07151552,13.41307801,,,
3/24/2020,555.2274,285.09,1.67,15.67272687,13.13669244,,,
3/25/2020,537.9055,286.88,1.44,15.2134918,13.10742396,,,
3/26/2020,759.5504,277.12,5.5,20.30110938,13.35271529,,,
3/27/2020,834.3715,276.87,4.94,22.63547136,13.44593233,,,
3/28/2020,810.3402,279.56,2.63,22.95284446,13.46965975,,,
3/29/2020,638.2601,282.1,3.43,17.57069078,13.23598893,,,
3/30/2020,633.1326,283.83,3.32,17.46513626,13.23128834,,,
3/31/2020,607.6837,284.06,3.34,16.68900819,13.18409069,,,
4/1/2020,762.9113,281.26,1.74,21.97053906,13.44531107,,,
4/2/2020,875.4846,284.54,3.44,24.45270262,13.50266555,,,
4/3/2020,865.6728,286.97,2.9,24.42615234,13.50435262,,,
4/4/2020,829.2631,281.53,2.21,23.6882969,13.49100964,,,
4/5/2020,766.5984,284.8,2.5,21.76002124,13.43349053,,,
4/6/2020,705.4888,287.87,1.47,20.38857672,13.38977379,,,
4/7/2020,716.445,283,2.04,20.45899247,13.38786139,,,
4/8/2020,708.7402,282.78,2.03,20.23105049,13.3785665,,,
4/9/2020,728.4379,280.86,0.52,21.4869184,13.4372514,,,
4/10/2020,708.5607,282.9,2.24,20.13841451,13.37302875,,,
4/11/2020,898.0453,286.86,5.26,24.31432727,13.49181271,,,
4/12/2020,908.8851,287.96,2.12,25.94573152,13.52958155,,,
4/13/2020,878.6858,290.35,1.09,25.59625233,13.52769621,,,
4/14/2020,752.6197,290.65,2.32,21.44879888,13.42420032,,,
4/15/2020,659.5361,288.1,0.75,19.28977249,13.34882589,,,
4/16/2020,713.165,285.92,5.48,19.04322761,13.29547477,,,
4/17/2020,840.8571,287.33,3.85,23.32784207,13.47380085,,,
4/18/2020,810.9512,287.79,1.87,23.33874788,13.48437581,,,
4/19/2020,721.6306,287.15,3.5,20.03500169,13.3588274,,,
4/20/2020,966.1601,281.14,7.07,25.3500882,13.50612666,,,
4/21/2020,999.0368,279.42,7.48,26.0177124,13.51668875,,,
4/22/2020,1009.8138,281.01,7,26.48762165,13.52508991,,,
4/23/2020,986.5429,283.58,5.58,26.48474472,13.52852495,,,
4/24/2020,931.2144,290.67,5.74,25.02814113,13.50553949,,,
4/25/2020,966.6982,287.12,3.65,26.79969882,13.53526162,,,
4/26/2020,953.2542,288.12,1.14,27.54415282,13.5471909,,,
4/27/2020,886.4274,290.04,1.68,25.54073626,13.5257962,,,
4/28/2020,902.8447,292.97,2.87,25.47428844,13.52217811,,,
4/29/2020,840.4333,294.42,1.21,24.49228415,13.51165761,,,
4/30/2020,821.6107,296.91,1.21,23.96838186,13.50195113,,,
5/1/2020,846.8293,298.77,2.49,24.12710244,13.50028514,,,
5/2/2020,780.6086,297.05,3.54,21.78723299,13.42835268,,,
5/3/2020,681.756,293.06,2.43,19.30167588,13.33564984,,,
5/4/2020,847.2398,287.08,2.25,24.19826873,13.50229057,,,
5/5/2020,934.9175,292.67,1.52,26.91091378,13.54385285,,,
5/6/2020,861.9445,292.36,2.73,24.41861729,13.50505367,,,
5/7/2020,780.2088,290.19,2.25,22.28801688,13.45270345,,,
5/8/2020,843.9626,286.18,1.59,24.39642614,13.5085279,,,
5/9/2020,819.6154,291.14,1.93,23.57258321,13.48994483,,,
5/10/2020,968.2274,291.33,6.64,25.6392457,13.51373275,,,
5/11/2020,1036.694,292.52,5.32,27.89978191,13.54079695,,,
5/12/2020,1060.9089,293.81,2.54,29.64829679,13.54493443,,,
5/13/2020,963.8986,295.89,2.92,27.07814821,13.53821908,,,
5/14/2020,869.8143,295.21,3.52,24.31124316,13.49985639,,,
5/15/2020,669.6605,292.02,3.74,18.4417527,13.28189607,,,
5/16/2020,655.0985,291.54,3.2,18.20533451,13.2745529,,,
5/17/2020,793.126,288.75,3.28,22.21681539,13.44393186,,,
5/18/2020,1032.115,292.26,4.01,28.33128602,13.54237849,,,
5/19/2020,1030.6677,295.76,0.85,29.64150362,13.54255936,,,
5/20/2020,914.6592,295.5,2.22,26.08294242,13.53098161,,,
5/21/2020,846.7737,290.87,1.21,24.65926382,13.51437033,,,
5/22/2020,1001.8634,295.8,4.34,27.4481869,13.53920395,,,
5/23/2020,1028.5398,293.3,4.47,28.05261097,13.54177159,,,
5/24/2020,1040.3839,295.86,2.36,29.2323982,13.54669573,,,
5/25/2020,935.2784,291.87,2.65,26.42991453,13.53357437,,,
5/26/2020,1053.838,294.22,1.76,29.80954885,13.54280407,,,
5/27/2020,1049.4479,295.41,1.21,29.94214381,13.54081436,,,
5/28/2020,940.0338,297.61,2.16,26.7916539,13.53710093,,,
5/29/2020,872.1199,296.83,2.39,24.86205656,13.51431089,,,
5/30/2020,845.0661,296.38,3.89,23.47405526,13.47811232,,,
5/31/2020,1003.5349,293.43,4.44,27.43742182,13.53902093,,,
6/1/2020,952.2712,295.4,2.37,27.01321209,13.53828348,,,
6/2/2020,967.5129,298.64,1.96,27.58503694,13.54683939,,,
6/3/2020,983.4476,299.4,4.54,26.91449662,13.53521682,,,
6/4/2020,998.7963,297.08,1.89,28.40513169,13.5481933,,,
6/5/2020,985.0551,297.28,2.41,27.83634229,13.54736045,,,
6/6/2020,948.9966,298.05,2.12,27.04703629,13.5386839,,,
6/7/2020,926.1071,301.34,2.73,26.18898998,13.53129467,,,
6/8/2020,967.7752,301.41,2.3,27.47023427,13.54050456,,,
6/9/2020,754.0521,297.26,2.59,21.40473373,13.42120886,,,
6/10/2020,910.9305,299.59,0.9,26.56784854,13.54239816,,,
6/11/2020,796.6732,297.35,1.57,23.09193062,13.47992961,,,
6/12/2020,896.2643,299.76,1.98,25.70774163,13.52736825,,,
6/13/2020,855.1469,299.8,3.23,24.04846201,13.49553024,,,
6/14/2020,1108.9823,300.62,1.93,31.06357563,13.53035783,,,
6/15/2020,1067.0868,302.12,0.5,30.68507706,13.53123586,,,
6/16/2020,1002.1854,300.31,2.75,28.1363692,13.54791382,,,
6/17/2020,1010.5118,298.98,3.72,27.94209813,13.54164615,,,
6/18/2020,919.1895,298.73,0.75,26.8511347,13.54448041,,,
6/19/2020,912.2414,300.83,3.83,25.35630764,13.51812839,,,
6/20/2020,871.3391,301.04,3.75,24.28457557,13.49861347,,,
6/21/2020,927.5922,303.08,4.38,25.54911531,13.51961908,,,
6/22/2020,878.3093,300.99,3.03,24.776157,13.51099046,,,
6/23/2020,854.205,298.85,2.78,24.20906267,13.50085281,,,
6/24/2020,825.234,299.45,2.68,23.43897747,13.48345104,,,
6/25/2020,790.9614,297.24,2.71,22.43265152,13.45483418,,,
6/26/2020,863.427,297.31,1.79,24.88495666,13.51644637,,,
6/27/2020,805.3887,300.24,1.68,23.3060006,13.48497151,,,
6/28/2020,811.4871,299.38,1.5,23.55790153,13.49185358,,,
6/29/2020,859.3544,295.36,0.81,25.20299398,13.52351867,,,
6/30/2020,949.7816,299.96,0.75,27.65619218,13.54770478,,,
7/1/2020,903.4132,300.4,1.21,26.2448888,13.5340813,,,
7/2/2020,808.2995,296.28,2.02,23.22695188,13.48113508,,,
7/3/2020,836.3554,295.54,1.7,24.16481099,13.50400517,,,
7/4/2020,839.9081,297.22,2.83,23.78053911,13.49100254,,,
7/5/2020,901.9751,298.86,1.19,26.21048888,13.53379927,,,
7/6/2020,961.9291,299.69,1.05,27.83810633,13.54793302,,,
7/7/2020,975.4988,299.93,1.35,28.05615674,13.54812329,,,
7/8/2020,849.4874,299.87,2.8,24.07324066,13.49790538,,,
7/9/2020,804.6099,293.49,0.8,23.65487918,13.49688354,,,
7/10/2020,825.8007,297.13,1.8,23.82752531,13.49659415,,,
7/11/2020,729.8642,297.94,2.2,20.8520621,13.40333462,,,
7/12/2020,791.9888,296.84,1.06,23.18054488,13.48468726,,,
7/13/2020,904.9588,297.44,0.31,26.66462294,13.54385951,,,
7/14/2020,909.3416,299.89,1.14,26.43530492,13.53565671,,,
7/15/2020,949.9619,301.27,2.1,27.0923666,13.53896343,,,
7/16/2020,827.3517,301.7,3.51,23.15951804,13.47189416,,,
7/17/2020,792.2948,299.19,2.39,22.6154528,13.46232269,,,
7/18/2020,751.2912,296.9,1.31,21.86769049,13.44545786,,,
7/19/2020,976.4562,299.35,1.45,28.03568782,13.54809171,,,
7/20/2020,946.0859,301.23,1.85,27.08644592,13.54460258,,,
7/21/2020,899.6107,300.15,2.36,25.63455803,13.52568031,,,
7/22/2020,905.1258,299.88,1.51,26.15520191,13.53287896,,,
7/23/2020,928.4432,301.31,0.68,27.13268616,13.54603427,,,
7/24/2020,974.2445,303.87,1.21,28.09555738,13.54815961,,,
7/25/2020,936.1639,302.3,2.18,26.69708209,13.53647978,,,
7/26/2020,866.0081,295.56,2.91,24.46681032,13.50544868,,,
7/27/2020,744.9546,296.17,2.58,21.13557221,13.41127969,,,
7/28/2020,762.7236,298.95,1.79,22.00600663,13.4470576,,,
7/29/2020,803.8212,301.61,1.97,23.13942181,13.47934011,,,
7/30/2020,806.3322,302.26,2.97,22.7883015,13.46430849,,,
7/31/2020,779.0893,301.53,2.73,22.09811643,13.44438653,,,
8/1/2020,729.5679,300.14,2.33,20.79834308,13.40044875,,,
8/2/2020,798.0886,301.05,1.11,23.34866181,13.4887168,,,
8/3/2020,868.2727,302.27,2.38,24.78162736,13.51316566,,,
8/4/2020,864.816,303.6,0.25,25.63090597,13.52977282,,,
8/5/2020,802.7036,300.32,1.1,23.48469181,13.49195465,,,
8/6/2020,844.7538,300.38,1.14,24.66196727,13.51482576,,,
8/7/2020,874.2801,300.12,1.68,25.24112963,13.52206291,,,
8/8/2020,803.0442,298.96,0.84,23.60676464,13.49580638,,,
8/9/2020,840.587,301.58,2.45,23.98036395,13.49740163,,,
8/10/2020,862.3763,299.9,1.23,25.11096735,13.52134852,,,
8/11/2020,802.1116,302.2,1.6,23.25310516,13.48410548,,,
8/12/2020,681.9645,299.31,3.63,18.88221522,13.30609845,,,
8/13/2020,878.5248,299.69,1.72,25.33848574,13.5232827,,,
8/14/2020,844.2059,301.26,2.03,24.26142615,13.50487175,,,
8/15/2020,857.7994,297.75,0.84,25.15253627,13.5228169,,,
8/16/2020,844.2304,297.21,1.91,24.29965001,13.50591661,,,
8/17/2020,813.1257,298.26,1.19,23.73878091,13.49723022,,,
8/18/2020,786.0459,294.67,3.9,21.78558639,13.42567334,,,
8/19/2020,832.9883,294.82,1.32,24.23550885,13.50671538,,,
8/20/2020,804.4581,293.99,1.1,23.51637321,13.49249205,,,
8/21/2020,822.4633,295,1.72,23.7603166,13.49536519,,,
8/22/2020,789.1182,295.36,2.78,22.34155418,13.45146513,,,
8/23/2020,733.4618,296.48,0.3,21.77858104,13.44882077,,,
8/24/2020,856.5706,297.36,2.01,24.5999834,13.51106842,,,
8/25/2020,803.6725,299.27,0.67,23.70218168,13.49858296,,,
8/26/2020,756.0124,296.82,1.17,22.06961377,13.45274539,,,
8/27/2020,769.2263,297.28,0.98,22.54802124,13.46816861,,,
8/28/2020,759.8797,297.64,1.21,22.1696838,13.45564616,,,
8/29/2020,656.852,298.36,2.02,18.7331984,13.31286008,,,
8/30/2020,605.9339,298.03,2.18,17.11690343,13.22459724,,,
8/31/2020,689.4785,293.93,2.98,19.3222351,13.33203797,,,
9/1/2020,811.3935,297.11,3.08,22.86388645,13.4655771,,,
9/2/2020,802.8896,294.11,4.42,22.05437049,13.43151787,,,
9/3/2020,806.9454,293.31,4.08,22.30333299,13.44202605,,,
9/4/2020,815.0635,295.05,2,23.4255524,13.48620257,,,
9/5/2020,773.2098,296.59,0.91,22.69530091,13.47266594,,,
9/6/2020,663.1131,296.45,0.69,19.44844115,13.3568169,,,
9/7/2020,711.1526,297.14,2.76,20.0637951,13.36691631,,,
9/8/2020,806.7731,295.84,4.13,22.29130203,13.44152158,,,
9/9/2020,816.3876,296.06,3.32,22.90066981,13.46523218,,,
9/10/2020,783.3006,292.96,4.21,21.57259264,13.41569083,,,
9/11/2020,760.4717,293.45,4.47,20.81515783,13.38443557,,,
9/12/2020,693.9621,293.56,2.09,19.80392188,13.36081501,,,
9/13/2020,655.8964,294.52,1.83,18.76339796,13.31564971,,,
9/14/2020,584.9584,293.84,0.94,16.91192307,13.2249499,,,
9/15/2020,652.3307,291.08,1.86,18.63078517,13.30864456,,,
9/16/2020,773.075,290.56,4.74,21.05542371,13.39169864,,,
9/17/2020,775.1284,291.52,4.17,21.34576192,13.40735665,,,
9/18/2020,766.9884,292.02,2.77,21.68685504,13.42962896,,,
9/19/2020,723.8022,292.9,1.66,20.87880596,13.40797364,,,
9/20/2020,711.4504,292.87,1.52,20.56523636,13.396798,,,
9/21/2020,551.7142,293.38,1.08,15.80507122,13.15355912,,,
9/22/2020,591.1428,292.64,1.74,16.80018379,13.20967496,,,
9/23/2020,489.3862,289.34,1.83,13.55651744,12.97453043,,,
9/24/2020,627.5938,290.59,0.86,18.26634006,13.299559,,,
9/25/2020,616.7852,291.4,0.53,18.06467223,13.29241419,,,
9/26/2020,605.6054,291.76,1.5,17.3372617,13.24367591,,,
9/27/2020,572.5804,292.26,1.93,16.14992302,13.16652363,,,
9/28/2020,465.5102,292.31,0.07,13.37574527,12.983658,,,
9/29/2020,601.832,285.77,1.24,17.3000389,13.24368311,,,
9/30/2020,599.9904,287.89,1.97,16.97130276,13.21701733,,,
10/1/2020,541.8204,286.63,2.28,15.03996125,13.08418007,,,
10/2/2020,663.8622,285.93,3.02,18.50933596,13.29141711,,,
10/3/2020,609.9846,285.9,3.03,16.879248,13.19968031,,,
10/4/2020,682.5207,282.77,5.21,18.23697337,13.25521701,,,
10/5/2020,663.1038,284.17,1.58,19.04488383,13.33033859,,,
10/6/2020,589.087,286.68,1.19,16.92350557,13.22237741,,,
10/7/2020,516.0958,286.92,1.49,14.50208917,13.05387523,,,
10/8/2020,520.0013,286.6,1.28,14.69832919,13.07142715,,,
10/9/2020,446.8564,287.77,1.03,12.44898953,12.88807113,,,
10/10/2020,438.013,288.3,1.28,12.0861791,12.84951225,,,
10/11/2020,506.1126,283.22,4.21,13.31879824,12.91982653,,,
10/12/2020,600.973,283.39,1.91,17.00746962,13.21933801,,,
10/13/2020,559.2834,284.49,3.74,15.07735549,13.06798878,,,
10/14/2020,533.7524,281.8,1.31,15.11115376,13.10106557,,,
10/15/2020,465.9578,284.34,1.23,12.98913485,12.93369627,,,
10/16/2020,598.1301,283.66,3.49,16.34344568,13.16002248,,,
10/17/2020,565.3021,285.03,2.32,15.75394224,13.13444119,,,
10/18/2020,499.6272,285.56,1.11,14.10431432,13.02786023,,,
10/19/2020,479.9819,286.2,1.79,13.26189583,12.94971486,,,
10/20/2020,412.2686,284.24,1.44,11.1904741,12.75397987,,,
10/21/2020,545.8125,280.74,4.58,14.38564886,13.00306919,,,
10/22/2020,550.6423,280.09,4.83,14.44934686,13.00461007,,,
10/23/2020,542.9758,281.64,2.11,15.11591867,13.09122019,,,
10/24/2020,515.7266,284.17,1.56,14.45686889,13.04914406,,,
10/25/2020,422.1941,285.95,0.58,11.77836498,12.82938247,,,
10/26/2020,378.7662,285.38,3.9,9.536253932,12.52159338,,,
10/27/2020,508.4226,282.7,2.84,13.80262464,12.97997149,,,
10/28/2020,501.2918,283.47,1.16,14.13374445,13.02925642,,,
10/29/2020,442.5687,282.82,1.24,12.22840021,12.8631076,,,
10/30/2020,399.6635,283.72,2.44,10.51817475,12.66355507,,,
10/31/2020,315.7419,282.99,3.78,7.64793779,12.25465716,,,
11/1/2020,427.7433,281.44,3.64,11.06407646,12.70371458,,,
11/2/2020,482.7956,276.69,4.95,12.36287764,12.8167151,,,
11/3/2020,473.4815,278.45,1.67,13.06764097,12.93337483,,,
11/4/2020,400.2251,279.98,0.11,11.18217369,12.77432115,,,
11/5/2020,361.3448,281.53,0.41,9.827425115,12.6172063,,,
11/6/2020,365.3991,281.54,3.87,9.122131341,12.46708622,,,
11/7/2020,291.284,279.79,4.95,6.719945175,12.07662514,,,
11/8/2020,443.9984,278.87,2.83,11.77894234,12.79215391,,,
11/9/2020,419.9374,280.66,2.58,11.10094088,12.72490478,,,
11/10/2020,385.6253,281.42,0.94,10.46628066,12.68228937,,,
11/11/2020,280.1508,281.15,0.5,7.186726428,12.24701425,,,
11/12/2020,341.577,281.97,4.58,8.257674258,12.33052904,,,
11/13/2020,377.0092,280.96,1.07,10.15356535,12.64421402,,,
11/14/2020,293.3974,280.41,0.6,7.588945237,12.30895978,,,
11/15/2020,287.3759,280.78,0.98,7.317252269,12.25840288,,,
11/16/2020,225.5548,281.52,2.29,5.20904392,11.8436739,,,
11/17/2020,219.4099,281.55,2.41,5.013914834,11.79937111,,,
11/18/2020,296.5072,277.92,5.23,6.816578622,12.08657163,,,
11/19/2020,355.391,274.26,3.54,8.858738594,12.43501686,,,
11/20/2020,370.9174,275.02,1.17,9.914915307,12.61320004,,,
11/21/2020,280.6771,271.87,2.03,6.869944953,12.15829771,,,
11/22/2020,383.2456,270.05,4.24,9.520167695,12.50753073,,,
11/23/2020,378.8687,272.55,2.54,9.803358786,12.5747036,,,
11/24/2020,352.4522,273.17,1.26,9.298384462,12.53502213,,,
11/25/2020,319.5254,273.73,3.18,7.83603009,12.29116947,,,
11/26/2020,294.6623,272.49,0.46,7.641724105,12.31825957,,,
11/27/2020,356.8835,271.45,3.81,8.832515071,12.425257,,,
11/28/2020,353.1033,270.56,0.59,9.486116779,12.5705244,,,
11/29/2020,320.9684,270.68,3.3,7.843091971,12.2886296,,,
11/30/2020,352.9889,270.58,1.14,9.338489926,12.54180248,,,
12/1/2020,240.901,271.22,0.85,5.861218268,12.00188295,,,
12/2/2020,308.86,269,3.79,7.37888996,12.2049595,,,
12/3/2020,369.1537,268.93,3.77,9.198695721,12.47415011,,,
12/4/2020,356.1098,268.49,3.51,8.861662392,12.43379515,,,
12/5/2020,341.5594,271.32,1.33,8.930183009,12.48532806,,,
12/6/2020,260.7737,270.3,3.97,5.95197804,11.95099161,,,
12/7/2020,363.2832,266.89,3.94,8.975036836,12.44031782,,,
12/8/2020,328.5968,269.42,0.96,8.603669366,12.44785837,,,
12/9/2020,271.115,270.5,2.15,6.552428238,12.10027957,,,
12/10/2020,311.8726,272.08,2.04,7.828529907,12.31175538,,,
12/11/2020,277.0352,271.31,0.26,7.115199648,12.23809282,,,
12/12/2020,234.4484,271.09,2.96,5.340634339,11.8510384,,,
12/13/2020,359.9045,264.35,4.56,8.711955609,12.38672903,,,
12/14/2020,319.2093,264.42,2.51,7.927595921,12.31469604,,,
12/15/2020,300.8574,265.16,1.8,7.516806951,12.26671421,,,
12/16/2020,329.2936,266.62,2.68,8.220187139,12.3588139,,,
12/17/2020,313.8607,268.67,3.78,7.528099336,12.22899116,,,
12/18/2020,351.7771,266.59,2.41,8.973847441,12.4693474,,,
12/19/2020,303.0885,267.51,2.51,7.447099752,12.24175984,,,
12/20/2020,320.8518,268.27,3.18,7.853789223,12.29166089,,,
12/21/2020,316.9739,269.1,2.43,7.893068245,12.31274245,,,
12/22/2020,293.5964,271.52,1.44,7.385537827,12.25530197,,,
12/23/2020,319.3748,269.65,4.7,7.524290743,12.21007837,,,
12/24/2020,329.7036,268.52,2.9,8.178614167,12.34517361,,,
12/25/2020,305.1249,270.72,0.76,7.905614531,12.35204217,,,
12/26/2020,233.958,269.79,2.06,5.453541458,11.89402766,,,
12/27/2020,262.8483,270.53,1.52,6.414173332,12.08920564,,,
12/28/2020,199.4806,267.95,4.47,4.176608658,11.54977045,,,
12/29/2020,364.8211,259.74,7.82,8.203430877,12.24608743,,,
12/30/2020,356.2673,261.53,6.4,8.231303158,12.28034346,,,
12/31/2020,340.3812,264.61,3.86,8.282477447,12.33987587,,,
1/1/2021,294.7074,265.9,1.03,7.499274773,12.28255877,,,
1/2/2021,232.0058,264.9,3.06,5.234315567,11.82284496,,,
1/3/2021,279.1307,267.01,0.64,7.085761946,12.2222898,,,
1/4/2021,338.5401,264.33,4.13,8.172099447,12.31844441,,,
1/5/2021,320.5057,263.65,3.33,7.794221888,12.27765742,,,
1/6/2021,369.9039,255.37,8.8,8.145266707,12.21354978,,,
1/7/2021,361.066,258.73,4.49,8.733708749,12.38859332,,,
1/8/2021,368.3599,262.51,4.8,8.917567478,12.41402849,,,
1/9/2021,347.4019,265.95,4.47,8.371599588,12.34135553,,,
1/10/2021,363.076,268.42,2.79,9.238870299,12.49763973,,,
1/11/2021,342.8247,267.08,3.48,8.460981814,12.37796648,,,
1/12/2021,288.8246,270.42,2.4,7.043728231,12.17928604,,,
1/13/2021,312.1117,271.34,0.95,8.086897092,12.37528864,,,
1/14/2021,234.7128,269.52,2.52,5.406228034,11.87374522,,,
1/15/2021,376.0926,267.42,3.18,9.540218629,12.52872242,,,
1/16/2021,362.8131,265.62,4.39,8.857038489,12.41508084,,,
1/17/2021,356.0094,267.75,2.64,9.054405332,12.47602978,,,
1/18/2021,326.4705,267.04,1.94,8.299777335,12.38537794,,,
1/19/2021,313.7638,266.24,1.46,8.007745726,12.35199293,,,
1/20/2021,265.4486,270.27,0.52,6.684457871,12.15800223,,,
1/21/2021,262.7176,271.52,2.03,6.322957029,12.06222487,,,
1/22/2021,263.143,271.26,0.9,6.540366086,12.12507105,,,
1/23/2021,255.9502,270.64,0.37,6.414990433,12.11413693,,,
1/24/2021,195.7035,272.47,0.36,4.564523033,11.74087367,,,
1/25/2021,205.5502,271,0.7,4.808879115,11.78779827,,,
1/26/2021,372.575,272.49,1.49,9.875235921,12.60223347,,,
1/27/2021,294.4902,270.05,4.27,6.87599901,12.11168604,,,
1/28/2021,463.5097,264.7,2.83,12.33225675,12.84455211,,,
1/29/2021,386.5042,269.9,0.92,10.46793342,12.6808533,,,
1/30/2021,315.2245,270.66,2.11,7.911861012,12.32231837,,,
1/31/2021,329.1198,271.15,0.7,8.688396661,12.46479139,,,
2/1/2021,460.3556,267.95,5.23,11.56227778,12.72642503,,,
2/2/2021,432.7667,268.67,1.71,11.7175947,12.80207531,,,
2/3/2021,421.759,270.63,3.57,10.84922387,12.67798943,,,
2/4/2021,421.6409,274.03,2.59,11.12455272,12.72566963,,,
2/5/2021,411.1928,276.86,3.96,10.45952424,12.62916046,,,
2/6/2021,409.8418,276.41,1.87,10.96367218,12.72082105,,,
2/7/2021,476.9628,272.6,2.8,12.7972547,12.89108359,,,
2/8/2021,392.6837,273.88,1.3,10.56987751,12.68646317,,,
2/9/2021,371.0941,274.94,0.45,10.11648947,12.64959924,,,
2/10/2021,402.6591,276.93,1.47,10.84987437,12.71519812,,,
2/11/2021,286.2412,277.13,0.17,7.444330086,12.29419683,,,
2/12/2021,359.4865,278.55,1.71,9.425511071,12.54421628,,,
2/13/2021,257.3309,276,2.17,6.151783732,12.02976432,,,
2/14/2021,350.6161,273.21,2.15,9.023320601,12.48275758,,,
2/15/2021,470.2311,272.87,3.23,12.45617665,12.85209484,,,
2/16/2021,573.668,267.6,7.71,14.19634854,12.94024027,,,
2/17/2021,571.1452,268.36,3.64,15.3933859,13.08958316,,,
2/18/2021,448.961,273.97,1.62,12.28544826,12.86124118,,,
2/19/2021,441.6779,279.13,3.29,11.57641245,12.76358723,,,
2/20/2021,465.0216,281.74,2.46,12.56509242,12.8764405,,,
2/21/2021,502.1903,282.15,3.96,13.26793377,12.9186576,,,
2/22/2021,560.1556,275.71,1,16.04934303,13.16898078,,,
2/23/2021,396.6172,271.62,2.93,10.24926881,12.62091969,,,
2/24/2021,476.7514,273.45,1.11,13.33918896,12.96408786,,,
2/25/2021,441.8403,274.59,1.04,12.242941,12.86638089,,,
2/26/2021,483.537,275.53,2.22,13.19745485,12.93624868,,,
2/27/2021,410.0545,276.33,2.6,10.77001899,12.6872403,,,
2/28/2021,425.2121,274.16,3.15,11.08252023,12.7117542,,,
3/1/2021,573.5945,271.89,1.56,16.24638346,13.17480233,,,
3/2/2021,464.679,273.51,2.11,12.63057142,12.88635926,,,
3/3/2021,458.7676,276.5,1.26,12.72466234,12.90849003,,,
3/4/2021,418.8727,279.02,0.82,11.57518942,12.80379769,,,
3/5/2021,376.4436,274.33,3.12,9.594545194,12.53890594,,,
3/6/2021,601.3284,271.64,2.14,16.88655935,13.20824809,,,
3/7/2021,535.0055,274.48,1.98,14.88382442,13.07469,,,
3/8/2021,417.4631,277.1,1.78,11.23430387,12.75167797,,,
3/9/2021,416.3145,280.77,1.03,11.43217978,12.78574712,,,
3/10/2021,417.6604,282.87,3.44,10.81398695,12.6799293,,,
3/11/2021,497.1124,282.46,2.96,13.41572358,12.94581064,,,
3/12/2021,436.2873,280.85,2.15,11.74170901,12.79975486,,,
3/13/2021,552.7357,282.07,1.67,15.58332823,13.13015591,,,
3/14/2021,455.4675,281.39,2.01,12.39857246,12.86739406,,,
3/15/2021,715.8742,278.23,6.69,18.6442136,13.26166123,,,
3/16/2021,654.6389,279.15,1.57,18.77471199,13.31728309,,,
3/17/2021,431.8865,280.12,1.77,11.7112305,12.80260206,,,
3/18/2021,500.9458,278.55,0.74,14.25464914,13.04370561,,,
3/19/2021,448.3379,277.96,1.21,12.40923025,12.88013671,,,
3/20/2021,723.9583,277.89,7.89,18.46108336,13.23924134,,,
3/21/2021,765.1262,277.07,5.72,20.37516768,13.3540884,,,
3/22/2021,711.5549,281.84,4.21,19.4416263,13.32564509,,,
3/23/2021,713.0779,285.67,1.76,20.48666603,13.3913502,,,
3/24/2021,737.2048,284.44,0.92,21.58007943,13.43788284,,,
3/25/2021,670.8851,286.38,2.64,18.86732251,13.31275563,,,
3/26/2021,536.7485,282.32,1.03,15.31120466,13.11898097,,,
3/27/2021,652.6538,284.67,0.8,19.04746698,13.3372281,,,
3/28/2021,819.8824,282.62,6.63,21.5955708,13.39765428,,,
3/29/2021,779.7924,283.18,2.69,22.05734974,13.44212526,,,
3/30/2021,700.221,285.88,1.92,20.03250656,13.37135984,,,
3/31/2021,765.8157,287.72,3.03,21.52442121,13.42177897,,,
4/1/2021,685.8467,286.08,1.15,19.92138411,13.37285892,,,
4/2/2021,716.7485,286.11,2.34,20.35416492,13.38144598,,,
4/3/2021,871.7138,283.25,3.26,24.42101679,13.50268323,,,
4/4/2021,829.1779,284.73,1.8,23.88081276,13.49734012,,,
4/5/2021,778.5369,284.47,3.32,21.75830067,13.42783912,,,
4/6/2021,729.3294,285.99,0.29,21.63205211,13.44377878,,,
4/7/2021,759.996,284.16,2.34,21.63221986,13.4301163,,,
4/8/2021,726.5822,284.65,2.22,20.69286019,13.39598617,,,
4/9/2021,641.3511,284.6,2.33,18.08986891,13.27605835,,,
4/10/2021,655.6506,287.2,3.53,18.07894717,13.26401989,,,
4/11/2021,702.2909,285.49,2.84,19.71896689,13.35029809,,,
4/12/2021,728.6434,284.18,5.16,19.59175017,13.32464646,,,
4/13/2021,941.3368,281.72,3.7,26.09308632,13.52792427,,,
4/14/2021,877.0262,286.6,3.18,24.61587134,13.50698957,,,
4/15/2021,762.4348,285.37,5.22,20.53763959,13.36618323,,,
4/16/2021,837.5159,281.7,6.18,22.25285399,13.42523211,,,
4/17/2021,936.3075,284.19,4.23,25.74716272,13.52223387,,,
4/18/2021,891.8406,289.12,2.67,25.24854036,13.51934624,,,
4/19/2021,827.7206,292.63,1.15,24.15588498,13.50575336,,,
4/20/2021,799.8279,291.08,2.8,22.62417745,13.45975627,,,
4/21/2021,757.6456,287.27,2.93,21.32500866,13.41517231,,,
4/22/2021,809.3101,285.3,2.63,22.94654156,13.46978381,,,
4/23/2021,855.4801,287.33,2.57,24.28870914,13.50288336,,,
4/24/2021,860.7919,289.46,2.39,24.52282987,13.50817841,,,
4/25/2021,839.478,287.07,2.03,24.07761761,13.50067411,,,
4/26/2021,747.6363,287.54,2.06,21.40033075,13.42406967,,,
4/27/2021,937.7574,286.96,5.68,25.20308212,13.50895262,,,
4/28/2021,926.2499,288.53,3.16,25.95631882,13.52762299,,,
4/29/2021,944.0968,284.7,5.45,25.44986777,13.51407695,,,
4/30/2021,921.4904,282.31,2.4,26.1388542,13.53101437,,,
5/1/2021,1023.6524,284.9,5.67,27.39127907,13.53722156,,,
5/2/2021,931.1276,288.17,4.34,25.58424772,13.51970793,,,
5/3/2021,869.5975,290.45,1.55,25.13885877,13.52075113,,,
5/4/2021,1002.0668,287.52,5.6,26.89213649,13.53303608,,,
5/5/2021,965.8884,292.83,4.07,26.62639904,13.53319123,,,
5/6/2021,960.4355,290.57,8.65,24.65740971,13.48411738,,,
5/7/2021,1015.4388,293.36,4.84,27.57107368,13.53945461,,,
5/8/2021,1044.3949,291.05,4.82,28.28933758,13.54232223,,,
5/9/2021,889.6491,292.15,2.46,25.29185865,13.52062346,,,
5/10/2021,895.9943,290.78,2.96,25.24234128,13.51849729,,,
5/11/2021,890.6529,291.98,2.8,25.17153513,13.51789957,,,
5/12/2021,849.9843,294.02,2.16,24.33994312,13.50568738,,,
5/13/2021,746.1558,294.24,2.25,21.30136956,13.41960582,,,
5/14/2021,822.1274,294.87,2.77,23.29268494,13.4789878,,,
5/15/2021,962.6865,290.26,5.75,25.84247892,13.51969985,,,
5/16/2021,1036.6619,292.65,2.85,28.92291204,13.54789115,,,
5/17/2021,1004.9971,297.64,3.06,28.08006509,13.54192061,,,
5/18/2021,937.5992,298.62,3.25,26.26000022,13.53106353,,,
5/19/2021,910.6793,298.12,4.64,24.97000892,13.50891162,,,
5/20/2021,860.627,295.17,2.69,24.4107422,13.50515281,,,
5/21/2021,899.93,297.55,2.59,25.53422431,13.52379664,,,
5/22/2021,867.6414,298.57,2.05,24.89225633,13.51584973,,,
5/23/2021,965.445,292.95,4.05,26.62388174,13.53320258,,,
5/24/2021,876.4507,290.43,3.65,24.41645611,13.50132883,,,
5/25/2021,961.6222,295.72,0.26,28.16905415,13.54804997,,,
5/26/2021,949.9882,293.44,2.69,26.8056559,13.5365994,,,
5/27/2021,941.4841,293.91,6.56,24.99203107,13.50172007,,,
5/28/2021,1066.2655,294.65,2.69,29.71716496,13.54471935,,,
5/29/2021,1031.3667,293.52,2.01,29.1526754,13.54671883,,,
5/30/2021,990.5912,294.03,2.63,27.87163693,13.54732138,,,
5/31/2021,879.1984,290.67,1.2,25.56118007,13.52707039,,,
6/1/2021,910.7311,295.46,2.49,25.85972328,13.52803048,,,
6/2/2021,880.5778,293.65,3.13,24.76439879,13.51018591,,,
6/3/2021,1082.7554,294.69,4.74,29.27892145,13.54211797,,,
6/4/2021,1078.808,296.31,5.46,28.89431362,13.54310425,,,
6/5/2021,1055.9719,299.55,3.24,29.25733659,13.54725143,,,
6/6/2021,947.9307,298.98,2.74,26.75124932,13.53621695,,,
6/7/2021,845.9368,296.61,3.5,23.66279653,13.48495201,,,
6/8/2021,850.4963,298,1.51,24.65167269,13.51351063,,,
6/9/2021,824.7099,294.76,3.62,23.0052839,13.46648819,,,
6/10/2021,1039.4874,297.93,0.38,30.0651918,13.53799566,,,
6/11/2021,1023.5707,302.2,2.6,28.73941748,13.54806057,,,
6/12/2021,886.0274,303.04,2.51,25.21375132,13.5196374,,,
6/13/2021,765.3023,299.96,2.91,21.61428206,13.42671482,,,
6/14/2021,894.819,297.14,2.55,25.41191886,13.52221994,,,
6/15/2021,975.8669,297.83,2.93,27.39144411,13.53990544,,,
6/16/2021,937.2996,295.6,1.23,27.10885633,13.54536186,,,
6/17/2021,1071.4542,298.4,3.23,29.63072228,13.54576729,,,
6/18/2021,1065.8633,299.12,5.14,28.72495167,13.5429656,,,
6/19/2021,1079.5176,301.15,4.9,29.16547149,13.5424762,,,
6/20/2021,1048.0022,302.94,1.68,29.72728299,13.54317724,,,
6/21/2021,1015.5533,301.07,2.33,28.64999698,13.54809341,,,
6/22/2021,932.9982,300,2.9,26.29338365,13.53203151,,,
6/23/2021,869.6487,295.94,1.78,25.05612223,13.51906076,,,
6/24/2021,868.5649,295.35,1.77,25.02873076,13.51866478,,,
6/25/2021,798.7439,296.72,2.92,22.5664623,13.45765557,,,
6/26/2021,831.9312,299.19,1.23,24.25886885,13.50756908,,,
6/27/2021,907.9965,300.34,1.65,26.171835,13.53283263,,,
6/28/2021,868.405,300.03,2.72,24.63209229,13.50940412,,,
6/29/2021,824.7145,297.35,2.47,23.50570884,13.48603868,,,
6/30/2021,891.9753,299.77,2.07,25.55230402,13.52527292,,,
7/1/2021,788.6891,295.94,2.09,22.62691337,13.46418914,,,
7/2/2021,856.3595,297.74,2.57,24.35427671,13.504582,,,
7/3/2021,965.7298,296.06,1.89,27.56103833,13.54678778,,,
7/4/2021,959.009,299.94,0.67,27.92981317,13.54810057,,,
7/5/2021,832.6552,298.45,2.41,23.76134946,13.49249942,,,
7/6/2021,903.9317,298.37,0.74,26.448291,13.54171758,,,
7/7/2021,867.2591,299.36,0.88,25.40126596,13.52594167,,,
7/8/2021,905.6281,299.76,1,26.38288237,13.54077865,,,
7/9/2021,881.4847,299.42,1.73,25.41414828,13.52425308,,,
7/10/2021,808.272,300.51,2.13,23.19436009,13.47992575,,,
7/11/2021,817.721,300.5,2.68,23.2293161,13.47806284,,,
7/12/2021,894.1603,298.77,3.83,24.86239135,13.50978021,,,
7/13/2021,905.7275,299.88,1.06,26.37385391,13.53528456,,,
7/14/2021,894.9327,300.24,1.18,26.02777939,13.53219019,,,
7/15/2021,843.048,299.9,2.48,24.02992379,13.49829091,,,
7/16/2021,907.889,299.16,2.69,25.71153631,13.52589835,,,
7/17/2021,940.8214,298.42,3.22,26.3566361,13.53209375,,,
7/18/2021,928.2398,298.05,1.84,26.62215697,13.53625266,,,
7/19/2021,897.874,298.29,2.54,25.50314,13.52351791,,,
7/20/2021,882.576,298.61,2.17,25.2491899,13.52092054,,,
7/21/2021,904.5162,297.77,2.65,25.63270524,13.52495312,,,
7/22/2021,921.8185,297.51,0.77,26.90886879,13.54478419,,,
7/23/2021,864.798,298.79,1.84,24.90596893,13.51667109,,,
7/24/2021,833.2318,300.25,2.65,23.68190373,13.48962019,,,
7/25/2021,828.8466,300.08,3.42,23.2315498,13.47425591,,,
7/26/2021,819.7056,300.07,2.45,23.38253834,13.48317077,,,
7/27/2021,854.95,299.73,1.56,24.75906826,13.51516128,,,
7/28/2021,862.8712,297.67,1.77,24.87957773,13.51642736,,,
7/29/2021,916.9042,296.04,3.96,25.40387467,13.51832411,,,
7/30/2021,922.5098,298.4,2.62,26.12922472,13.53081355,,,
7/31/2021,871.0242,299.92,0.44,25.70723908,13.53020496,,,
8/1/2021,961.3555,297.96,3.56,26.74690136,13.53513587,,,
8/2/2021,951.687,298.18,1.75,27.26535326,13.54564915,,,
8/3/2021,807.9312,298.61,2.76,22.9067132,13.46866405,,,
8/4/2021,802.2366,299.31,2.08,23.03731903,13.47595602,,,
8/5/2021,812.8796,298.92,0.59,24.00197998,13.50494117,,,
8/6/2021,755.8966,299.16,0.21,22.50287721,13.47114781,,,
8/7/2021,732.4168,299.56,0.46,21.68314597,13.44486014,,,
8/8/2021,731.1822,298.92,1.06,21.38000106,13.43075735,,,
8/9/2021,824.5461,297.98,0.18,24.5178133,13.51521652,,,
8/10/2021,794.4349,298.81,0.58,23.47356252,13.49392259,,,
8/11/2021,717.1139,297.72,1.76,20.65230738,13.39875555,,,
8/12/2021,695.2978,296.53,1.91,19.92814178,13.36779691,,,
8/13/2021,720.2342,296.7,2.51,20.43176695,13.3841384,,,
8/14/2021,756.7986,295.93,2.43,21.54708331,13.42728583,,,
8/15/2021,662.3412,296.41,2.56,18.68435894,13.30552263,,,
8/16/2021,771.0827,297.1,1.35,22.43817886,13.46290005,,,
8/17/2021,836.9973,296.64,0.89,24.54510834,13.51357163,,,
8/18/2021,693.1151,296.66,2.38,19.67532322,13.35313065,,,
8/19/2021,744.9961,294.27,1.65,21.52321529,13.43157415,,,
8/20/2021,796.9335,296.25,0.57,23.54411189,13.49548042,,,
8/21/2021,830.4678,297.48,2.09,23.83443687,13.49552701,,,
8/22/2021,694.2471,298.06,3.12,19.4286569,13.33616469,,,
8/23/2021,748.8884,296.93,1.73,21.61422457,13.4343265,,,
8/24/2021,813.4782,293.88,2.62,23.10586678,13.47470913,,,
8/25/2021,859.7341,294.06,2.85,24.31274882,13.50253328,,,
8/26/2021,839.4836,295.26,2.17,24.04598063,13.499727,,,
8/27/2021,831.1939,295.4,2.18,23.80798183,13.49446031,,,
8/28/2021,765.0967,293.56,2.88,21.59213914,13.42566532,,,
8/29/2021,700.8421,295.02,1.15,20.40756332,13.39342812,,,
8/30/2021,705.5529,295.52,1.17,20.54439448,13.39876201,,,
8/31/2021,738.7059,294.32,0.89,21.6674281,13.44142115,,,
9/1/2021,750.2022,295.46,1.93,21.562154,13.43112954,,,
9/2/2021,754.9048,295.91,1.99,21.6776332,13.43473363,,,
9/3/2021,652.2109,297.22,1.59,18.75496724,13.31755609,,,
9/4/2021,677.3893,294.53,1.77,19.43731487,13.34739246,,,
9/5/2021,724.2094,293.5,1.63,20.90601841,13.40926393,,,
9/6/2021,780.6579,291.47,2.45,22.21995114,13.44940808,,,
9/7/2021,737.8394,293.58,1.81,21.23825059,13.42033243,,,
9/8/2021,672.4403,295.07,1.69,19.32164884,13.34290209,,,
9/9/2021,571.0508,293.96,0.83,16.51442043,13.20209566,,,
9/10/2021,687.6843,296.04,0.4,20.33003231,13.39605818,,,
9/11/2021,649.1014,296.78,2.22,18.4158285,13.29519499,,,
9/12/2021,628.7291,294.24,2.61,17.64060296,13.24987999,,,
9/13/2021,648.8215,295.44,2.01,18.48242646,13.30032752,,,
9/14/2021,648.394,293.55,1.74,18.56701352,13.30679225,,,
9/15/2021,596.1744,293.94,1.46,17.0664654,13.22864887,,,
9/16/2021,686.6111,292.58,2.58,19.38596323,13.33819418,,,
9/17/2021,729.1393,293.78,0.31,21.63611208,13.44405321,,,
9/18/2021,657.9565,292.49,0.96,19.16706626,13.34180532,,,
9/19/2021,629.8012,289.82,3.76,17.23539714,13.21396531,,,
9/20/2021,703.4034,289.49,5.57,18.75332468,13.28041555,,,
9/21/2021,718.096,291.3,3.62,19.90521203,13.3526394,,,
9/22/2021,665.7351,294.08,0.69,19.52251163,13.35992332,,,
9/23/2021,605.9326,292.13,2.38,17.01941623,13.2160185,,,
9/24/2021,592.8903,291.63,2.15,16.69931878,13.19895265,,,
9/25/2021,628.5701,292.29,1.19,18.17060565,13.29177776,,,
9/26/2021,616.3754,290.99,1.19,17.7889141,13.27165614,,,
9/27/2021,613.5764,292.69,0.35,18.04007094,13.29290126,,,
9/28/2021,599.1025,291.54,1.86,16.99872095,13.22021733,,,
9/29/2021,610.2919,292.11,1.29,17.56472347,13.25856467,,,
9/30/2021,536.5355,290.3,3.03,14.64061269,13.04518954,,,
10/1/2021,630.3205,289.97,1.54,18.07946337,13.28359609,,,
10/2/2021,502.5384,292.09,2.26,13.84231994,12.99268724,,,
10/3/2021,498.7926,289.59,4.14,13.15065798,12.90751699,,,
10/4/2021,601.9072,286.3,3.19,16.57739927,13.17903525,,,
10/5/2021,592.9263,286.17,1.45,16.9422776,13.22067098,,,
10/6/2021,604.7324,281.91,2.12,17.03849958,13.2187612,,,
10/7/2021,603.0613,285.35,0.68,17.55827799,13.26374731,,,
10/8/2021,521.9958,287.25,1.19,14.79609418,13.07999416,,,
10/9/2021,494.8749,285.28,1.54,13.80874001,12.99852599,,,
10/10/2021,629.1857,282.5,4.62,16.87599208,13.18117332,,,
10/11/2021,619.3405,283.69,1.22,17.84586019,13.27383368,,,
10/12/2021,601.7323,285.78,0.63,17.53771209,13.26314932,,,
10/13/2021,486.4033,287.45,0.76,13.80599639,13.00902803,,,
10/14/2021,529.238,287.43,2.48,14.58249225,13.04731387,,,
10/15/2021,580.7961,281.89,5.7,15.08358643,13.04267105,,,
10/16/2021,616.2311,277.06,3.67,16.79528048,13.18596684,,,
10/17/2021,545.4472,280.18,2.45,15.06801754,13.0831102,,,
10/18/2021,489.301,281.23,2.72,13.24303414,12.93407012,,,
10/19/2021,579.6404,279.09,0.16,17.01113465,13.23790008,,,
10/20/2021,482.2645,280.12,1.24,13.49161767,12.97590482,,,
10/21/2021,561.4271,282.29,4.43,14.90769711,13.04588414,,,
10/22/2021,540.8005,281.83,0.52,15.63138691,13.14737492,,,
10/23/2021,477.051,281.72,1.8,13.15029947,12.93922973,,,
10/24/2021,392.2697,283.09,1.1,10.64026145,12.69938552,,,
10/25/2021,385.2022,284.66,1.39,10.34093838,12.66112677,,,
10/26/2021,509.2676,283.63,4.69,13.27659148,12.90927061,,,
10/27/2021,514.0116,285.01,1.81,14.32077638,13.03548806,,,
10/28/2021,461.013,283.65,1.1,12.87055213,12.92499869,,,
10/29/2021,367.6546,283.58,0.65,9.972527523,12.63065265,,,
10/30/2021,370.8848,284.58,3.71,9.336472793,12.49909956,,,
10/31/2021,423.0083,280.51,1.8,11.4183244,12.77162312,,,
11/1/2021,369.4001,280.36,1.96,9.68144915,12.57212862,,,
11/2/2021,294.3275,278.59,0.29,7.683063746,12.32932382,,,
11/3/2021,348.0685,282,0.85,9.286757531,12.54279718,,,
11/4/2021,355.4231,282.16,0.37,9.647597327,12.59627518,,,
11/5/2021,279.0873,283.21,0.77,7.09740779,12.22550624,,,
11/6/2021,335.4554,277.63,5.79,7.837989194,12.24252806,,,
11/7/2021,441.2306,269.25,6.23,10.76299133,12.62197507,,,
11/8/2021,436.3856,271.81,6.38,10.60407581,12.60221308,,,
11/9/2021,433.013,275.39,5.98,10.61944911,12.61252237,,,
11/10/2021,434.1625,276.65,5.68,10.72983516,12.63084803,,,
11/11/2021,433.1333,275.68,4.68,10.93445314,12.67032039,,,
11/12/2021,396.3807,277.67,3.61,10.09984236,12.59320508,,,
11/13/2021,387.4862,278.19,3.75,9.799471768,12.55446518,,,
11/14/2021,342.7326,278.52,2.12,8.804027291,12.45549082,,,
11/15/2021,329.2112,276.92,1.31,8.561321088,12.43704142,,,
11/16/2021,317.3458,277.04,1.28,8.193980644,12.38579676,,,
11/17/2021,291.4759,277.81,1.57,7.311873096,12.24278904,,,
11/18/2021,280.9506,277.96,2.81,6.758773143,12.12561055,,,
11/19/2021,340.4602,276.34,1.44,8.884087197,12.47830401,,,
11/20/2021,295.2867,275.64,1.19,7.509848244,12.28348499,,,
11/21/2021,295.9394,273.03,8.39,6.334421038,11.93219998,,,
11/22/2021,401.1553,270.6,4.05,10.10471856,12.5836036,,,
11/23/2021,310.6034,273.44,2.64,7.672167605,12.27665525,,,
11/24/2021,334.6637,275.21,2.66,8.42286642,12.39150574,,,
11/25/2021,302.744,276.03,2.43,7.483359107,12.25230059,,,
11/26/2021,365.3824,275.75,0.28,9.980336823,12.63676169,,,
11/27/2021,267.2402,276.5,0.92,6.677795574,12.15004026,,,
11/28/2021,202.5493,276.36,0.62,4.74152363,11.77642379,,,
11/29/2021,254.3048,273.89,3.55,5.842088298,11.9409554,,,
11/30/2021,379.3883,271.76,5.28,9.187827718,12.44571932,,,
12/1/2021,352.5474,273.27,3.03,8.880697336,12.44720528,,,
12/2/2021,329.5182,274.65,4.28,7.924784126,12.28353935,,,
12/3/2021,330.3369,275.5,4.04,7.998777666,12.29970578,,,
12/4/2021,302.7821,276.09,0.63,7.873509925,12.35100587,,,
12/5/2021,276.645,275.84,1.66,6.828170833,12.16027874,,,
12/6/2021,341.6573,275.8,2.87,8.593835299,12.41175752,,,
12/7/2021,309.209,274.92,1.02,7.988051861,12.36013424,,,
12/8/2021,234.3267,274.04,1.06,5.63288791,11.95402229,,,
12/9/2021,213.3608,273.5,0.7,5.049800358,11.84141461,,,
12/10/2021,287.018,276.15,1.37,7.207782914,12.2295085,,,
12/11/2021,272.4332,273,5.06,6.136948833,11.96458701,,,
12/12/2021,352.4917,270.24,2.99,8.875612364,12.44623284,,,
12/13/2021,306.5074,270.56,1.41,7.80255543,12.32315321,,,
12/14/2021,256.6232,272.04,2.49,6.065521378,12.0052015,,,
12/15/2021,267.8095,272.28,1.09,6.652164469,12.14083293,,,
12/16/2021,335.4617,268.38,6.11,7.730504879,12.21351002,,,
12/17/2021,353.1535,265.86,3.2,8.83031424,12.43452451,,,
12/18/2021,315.264,270,3.12,7.704352143,12.27068551,,,
12/19/2021,279.8442,273.04,2.27,6.803951861,12.14246576,,,
12/20/2021,279.0663,274.26,3.16,6.628407005,12.09403342,,,
12/21/2021,278.7788,271.94,2.49,6.728000958,12.12434529,,,
12/22/2021,272.5037,270.99,1.69,6.680362876,12.13260716,,,
12/23/2021,245.6257,268.62,2.93,5.661990704,11.91610883,,,
12/24/2021,351.6001,263.17,3.95,8.606235791,12.38773496,,,
12/25/2021,359.4428,262.12,4,8.824981783,12.41678748,,,
12/26/2021,332.7406,265.73,4.42,7.950496255,12.28029849,,,
12/27/2021,326.5059,268.96,3.33,7.995978101,12.31026214,,,
12/28/2021,307.6031,269.41,3.85,7.332266793,12.19634806,,,
12/29/2021,332.9097,269.17,3.94,8.065637733,12.30870243,,,
12/30/2021,327.585,269.28,2.7,8.159474161,12.34656176,,,
12/31/2021,274.9692,269.57,0.55,6.97840512,12.20701184,,,
